{"global":{"totalVoices":1,"legato":true,"envelopeStretch":false,"name":"Fretless","bank":"Basses"},"controllerHelper":{"pitchBendMax":200,"modulationMax":100},"voiceAllocator":{"numberOfVoices":0,"glideTime":0.107204025018774,"glideType":"legato"},"osc1":{"waveform":"sine","range":-1,"tune":0,"fineTune":2,"modAmount":100,"crossModAmount":0},"osc2":{"waveform":"sawtooth","range":-2,"tune":0,"fineTune":-1,"modAmount":100,"crossModAmount":377.9929898432513},"oscLevel1":{"level":0.09942253804929801},"oscLevel2":{"level":0.04429576991783664},"noiseLevel1":{"level":0},"amplifier":{},"loudnessEnvelope":{"attackSeconds":0,"decaySeconds":4.995112414467253,"sustainLevel":0.13,"releaseSeconds":0.035139720625495016,"velocityAmount":0.7148591731740587,"expression":0},"filter":{"type":"lowpass","rolloff":24,"frequency":160.8973287675049,"resonance":0,"modAmount":1193.6620731892144,"keyboardFollowAmount":1,"envelopeAmount":1979.577471545948},"filterEnvelope":{"attackSeconds":0.6862367005882227,"decaySeconds":1.5722792233471634,"sustainLevel":0,"releaseSeconds":0,"velocityAmount":0.735070437401085,"expression":0.9469719113967773},"lfo":{"waveform":"triangle","frequency":2.841326242101129,"fixedAmount":0.1909859317102744,"modWheelAmount":0.12464781299457554,"delay":0.9417197122150271,"expression":0.445633840657307},"noise":{"type":"white"},"delay":{"power":false,"mix":0.3488028040626995,"time":0.015379454229801633,"feedback":0,"spread":0},"reverb":{"power":true,"mix":0.5,"type":"medium","highPass":0},"levels":{"power":true,"bass":0,"treble":0.522535170724314,"master":0.571619724391353},"phaser":{"power":true,"mix":0.4363380227632418,"rate":0.14136569937713214,"depth":0.007711411476087518,"resonance":0.3885915398356732,"delay":0.031830988618379095},"softKeyboard":{}}