{"global":{"totalVoices":8,"legato":false,"envelopeStretch":false,"name":"Soft Brass","bank":"Brass"},"controllerHelper":{"pitchBendMax":200,"modulationMax":100},"voiceAllocator":{"numberOfVoices":8,"glideTime":0,"glideType":"off"},"osc1":{"waveform":"sawtooth","range":0,"tune":0,"fineTune":5,"modAmount":100,"crossModAmount":0},"osc2":{"waveform":"triangle","range":0,"tune":0,"fineTune":-4,"modAmount":100,"crossModAmount":525},"oscLevel1":{"level":0.06199999999999999},"oscLevel2":{"level":0.076},"noiseLevel1":{"level":0},"amplifier":{},"loudnessEnvelope":{"attackSeconds":0,"decaySeconds":0.7088630959903249,"sustainLevel":0,"releaseSeconds":0.03836341792159985,"velocityAmount":1},"filter":{"type":"lowpass","rolloff":24,"frequency":85.5915043971146,"resonance":4.404225284540525,"modAmount":228.8730975350994,"keyboardFollowAmount":1,"envelopeAmount":2706.337926810785},"filterEnvelope":{"attackSeconds":0.05830307435355809,"decaySeconds":0.8749723166361493,"sustainLevel":0.5,"releaseSeconds":0.04552154691585904,"velocityAmount":1},"lfo":{"waveform":"sine","frequency":4.786300923226385,"fixedAmount":0.4,"modWheelAmount":0.08943659674377791,"delay":1.886722585663059},"noise":{"type":"white"},"delay":{"power":false,"mix":0.5,"time":0.1,"feedback":0.5,"spread":0},"reverb":{"power":true,"mix":0.33288730975350994,"type":"large","highPass":0},"levels":{"power":true,"bass":0,"treble":0.15915494309189548,"master":0.32492956259891514},"phaser":{"power":false,"mix":0.4363380227632418,"rate":0.14136569937713214,"depth":0.05570423008216342,"resonance":0.3885915398356732,"delay":0.031830988618379095},"softKeyboard":{}}