{"global":{"totalVoices":1,"legato":true,"envelopeStretch":false,"name":"Coronet","bank":"Brass"},"controllerHelper":{"pitchBendMax":200,"modulationMax":100},"voiceAllocator":{"numberOfVoices":0,"glideTime":0.005041217658948172,"glideType":"legato"},"osc1":{"waveform":"sawtooth","range":0,"tune":0,"fineTune":-3.753521870054257,"modAmount":100,"crossModAmount":0},"osc2":{"waveform":"sine","range":1,"tune":3,"fineTune":-6.549296585513723,"modAmount":100,"crossModAmount":2500},"oscLevel1":{"level":0.042},"oscLevel2":{"level":0.036},"noiseLevel1":{"level":0.011140846016432684},"amplifier":{},"loudnessEnvelope":{"attackSeconds":0.04321245131639424,"decaySeconds":3.071094524108492,"sustainLevel":0.48,"releaseSeconds":0.03836341792159985,"velocityAmount":0.61},"filter":{"type":"lowpass","rolloff":12,"frequency":228.81272226435956,"resonance":7.746479089470326,"modAmount":0,"keyboardFollowAmount":0.7529577951308232,"envelopeAmount":2020.4225284540526},"filterEnvelope":{"attackSeconds":0,"decaySeconds":1.6678432268505072,"sustainLevel":0.5,"releaseSeconds":0.04552154691585904,"velocityAmount":0.7615384615384615},"lfo":{"waveform":"sine","frequency":3.636083037519811,"fixedAmount":0.4,"modWheelAmount":0.07373236666161465,"delay":1.886722585663059},"noise":{"type":"white"},"delay":{"power":false,"mix":0.5,"time":0.1,"feedback":0.5,"spread":0},"reverb":{"power":true,"mix":0.5,"type":"medium","highPass":0},"levels":{"power":true,"bass":0,"treble":-0.2228169203286533,"master":0.5},"phaser":{"power":false,"mix":0.4363380227632418,"rate":0.14136569937713214,"depth":0.05570423008216342,"resonance":0.3885915398356732,"delay":0.031830988618379095},"softKeyboard":{}}