{"global":{"totalVoices":8,"legato":false,"envelopeStretch":false,"name":"Fanfare","bank":"Brass"},"controllerHelper":{"pitchBendMax":200,"modulationMax":100},"voiceAllocator":{"numberOfVoices":8,"glideTime":0.0022594761812797294,"glideType":"legato"},"osc1":{"waveform":"sawtooth","range":0,"tune":0,"fineTune":4,"modAmount":100,"crossModAmount":0},"osc2":{"waveform":"sawtooth","range":0,"tune":0,"fineTune":-2.3873241463784325,"modAmount":100,"crossModAmount":437.67609350271215},"oscLevel1":{"level":0.043153846153846154},"oscLevel2":{"level":0.054},"noiseLevel1":{"level":0.007957747154594774},"amplifier":{},"loudnessEnvelope":{"attackSeconds":0.03372557091286363,"decaySeconds":0.005936201692980153,"sustainLevel":0.4723076923076924,"releaseSeconds":0.008661503638969174,"velocityAmount":0.61},"filter":{"type":"lowpass","rolloff":24,"frequency":618.6755656523994,"resonance":9,"modAmount":500,"keyboardFollowAmount":1,"envelopeAmount":1542.9576991783642},"filterEnvelope":{"attackSeconds":0,"decaySeconds":0.2639936342810724,"sustainLevel":0,"releaseSeconds":0.36720706133889214,"velocityAmount":1},"lfo":{"waveform":"sine","frequency":4.786300923226385,"fixedAmount":0.1,"modWheelAmount":0.1294365967437779,"delay":1.886722585663059},"noise":{"type":"white"},"delay":{"power":true,"mix":0.5,"time":0.018322980687407446,"feedback":0,"spread":0},"reverb":{"power":true,"mix":0.364718298371889,"type":"large","highPass":0},"levels":{"power":true,"bass":0,"treble":0.5411268065124444,"master":0.3090140682897256},"phaser":{"power":true,"mix":0.4920422528454052,"rate":0.020000000000000004,"depth":0,"resonance":0,"delay":0.33422538049298034},"softKeyboard":{}}