{"global":{"totalVoices":1,"legato":true,"envelopeStretch":false,"name":"Trombone","bank":"Brass"},"controllerHelper":{"pitchBendMax":200,"modulationMax":100},"voiceAllocator":{"numberOfVoices":0,"glideTime":0.08005461231648368,"glideType":"legato"},"osc1":{"waveform":"sawtooth","range":-1,"tune":0,"fineTune":5,"modAmount":100,"crossModAmount":0},"osc2":{"waveform":"sine","range":0,"tune":3,"fineTune":-4,"modAmount":100,"crossModAmount":2500},"oscLevel1":{"level":0.042},"oscLevel2":{"level":0.036},"noiseLevel1":{"level":0},"amplifier":{},"loudnessEnvelope":{"attackSeconds":0.026707057342592662,"decaySeconds":3.071094524108492,"sustainLevel":0.48,"releaseSeconds":0.03836341792159985,"velocityAmount":1},"filter":{"type":"lowpass","rolloff":12,"frequency":302.45934554914965,"resonance":5.2,"modAmount":500,"keyboardFollowAmount":0.18,"envelopeAmount":2100},"filterEnvelope":{"attackSeconds":0.05830307435355809,"decaySeconds":0.8749723166361493,"sustainLevel":0.5,"releaseSeconds":0.04552154691585904,"velocityAmount":1},"lfo":{"waveform":"sine","frequency":3.636083037519811,"fixedAmount":0.23076923076923078,"modWheelAmount":0.1294365967437779,"delay":1.886722585663059},"noise":{"type":"white"},"delay":{"power":false,"mix":0.5,"time":0.1,"feedback":0.5,"spread":0},"reverb":{"power":true,"mix":0.26922533251675174,"type":"large","highPass":0},"levels":{"power":true,"bass":0,"treble":0.22281692032865363,"master":0.5},"phaser":{"power":false,"mix":0.4363380227632418,"rate":0.14136569937713214,"depth":0.05570423008216342,"resonance":0.3885915398356732,"delay":0.031830988618379095},"softKeyboard":{}}