{"global":{"totalVoices":5,"legato":false,"envelopeStretch":false,"name":"Bowed Pad","bank":"Pads"},"controllerHelper":{"pitchBendMax":200,"modulationMax":100},"voiceAllocator":{"numberOfVoices":5,"glideTime":0.021984453425463752,"glideType":"always"},"osc1":{"waveform":"sine","range":-1,"tune":0,"fineTune":-4,"modAmount":100,"crossModAmount":0},"osc2":{"waveform":"sawtooth","range":2,"tune":0,"fineTune":-2,"modAmount":100,"crossModAmount":179.04931097838244},"oscLevel1":{"level":0.09461538461538462},"oscLevel2":{"level":0.02492307692307693},"noiseLevel1":{"level":0},"amplifier":{},"loudnessEnvelope":{"attackSeconds":0.2625378106107134,"decaySeconds":0,"sustainLevel":1,"releaseSeconds":0.4029741265369759,"velocityAmount":0.7142957699178366,"expression":0},"filter":{"type":"lowpass","rolloff":12,"frequency":230.74193833952788,"resonance":7,"modAmount":0,"keyboardFollowAmount":1,"envelopeAmount":3100},"filterEnvelope":{"attackSeconds":0.006885247242005368,"decaySeconds":0,"sustainLevel":1,"releaseSeconds":1.4275013630461435,"velocityAmount":0,"expression":0},"lfo":{"waveform":"triangle","frequency":3.630780547701015,"fixedAmount":0.1989436788648692,"modWheelAmount":1,"delay":1.6412220193443845,"expression":0},"noise":{"type":"white"},"delay":{"power":false,"mix":0.5,"time":0.1,"feedback":0.5,"spread":0},"reverb":{"power":true,"mix":0.5,"type":"large","highPass":0},"levels":{"power":true,"bass":-0.2546479089470324,"treble":0.8116902097686667,"master":0.3090140682897256},"phaser":{"power":true,"mix":0.22147884958918307,"rate":0.045326946784683964,"depth":0.05570423008216342,"resonance":0.3885915398356732,"delay":0.031830988618379095},"softKeyboard":{}}