{"global":{"totalVoices":8,"legato":false,"envelopeStretch":true,"name":"FM Pad","bank":"Pads"},"controllerHelper":{"pitchBendMax":200,"modulationMax":100},"voiceAllocator":{"numberOfVoices":8,"glideTime":0,"glideType":"off"},"osc1":{"waveform":"square","range":2,"tune":-5,"fineTune":17.999999999999993,"modAmount":0,"crossModAmount":0},"osc2":{"waveform":"sine","range":-1,"tune":2,"fineTune":-31.999999999999996,"modAmount":0,"crossModAmount":2500},"oscLevel1":{"level":0.02230769230769231},"oscLevel2":{"level":0.06876923076923078},"noiseLevel1":{"level":0},"amplifier":{},"loudnessEnvelope":{"attackSeconds":0.08701671830345477,"decaySeconds":10,"sustainLevel":0,"releaseSeconds":0.19441043170436897,"velocityAmount":0.5,"expression":0},"filter":{"type":"lowpass","rolloff":12,"frequency":324.69985377475507,"resonance":3.2000000000000006,"modAmount":1666.6666666666667,"keyboardFollowAmount":1,"envelopeAmount":7633.333333333333},"filterEnvelope":{"attackSeconds":0,"decaySeconds":1.490135026738622,"sustainLevel":0.2946153846153846,"releaseSeconds":10,"velocityAmount":0.56,"expression":0},"lfo":{"waveform":"triangle","frequency":2.630267991895382,"fixedAmount":0.16923076923076924,"modWheelAmount":0.08666666666666671,"delay":0.42249474251191405,"expression":0},"noise":{"type":"white"},"delay":{"power":false,"mix":0.5,"time":0.1,"feedback":0.5,"spread":0},"reverb":{"power":true,"mix":0.5,"type":"medium","highPass":0},"levels":{"power":true,"bass":0,"treble":0.42971834634811734,"master":0.41246478129945746},"phaser":{"power":true,"mix":0.29309857398053607,"rate":0.14136569937713214,"depth":0.05570423008216342,"resonance":0.3885915398356732,"delay":0.031830988618379095},"softKeyboard":{}}