{"global":{"totalVoices":8,"legato":false,"envelopeStretch":true,"name":"Kalimba","bank":"Percussion"},"controllerHelper":{"pitchBendMax":200,"modulationMax":100},"voiceAllocator":{"numberOfVoices":8,"glideTime":0,"glideType":"off"},"osc1":{"waveform":"sine","range":2,"tune":0,"fineTune":6.366197723675803,"modAmount":0,"crossModAmount":0},"osc2":{"waveform":"sine","range":-2,"tune":4,"fineTune":-2.521131220325458,"modAmount":0,"crossModAmount":2500},"oscLevel1":{"level":0.05318309886183788},"oscLevel2":{"level":0.06737323666616146},"noiseLevel1":{"level":0.007161972439135279},"amplifier":{},"loudnessEnvelope":{"attackSeconds":0.007797672985250087,"decaySeconds":0.2567915218544902,"sustainLevel":0,"releaseSeconds":0.28678866528693503,"velocityAmount":0.5,"expression":0},"filter":{"type":"lowpass","rolloff":12,"frequency":567.1692177979603,"resonance":0,"modAmount":1352.8170162811098,"keyboardFollowAmount":0.6578168723524253,"envelopeAmount":3726.760455264838},"filterEnvelope":{"attackSeconds":0,"decaySeconds":0.1838086076724033,"sustainLevel":0,"releaseSeconds":0.19441043170436884,"velocityAmount":0.5,"expression":0},"lfo":{"waveform":"sine","frequency":1.989124328893062,"fixedAmount":0,"modWheelAmount":0.1,"delay":0,"expression":0},"noise":{"type":"pink"},"delay":{"power":false,"mix":0.5,"time":0.1,"feedback":0.5,"spread":0},"reverb":{"power":true,"mix":0.5,"type":"medium","highPass":0},"levels":{"power":true,"bass":0,"treble":0.22281692032865363,"master":0.5},"phaser":{"power":true,"mix":0.2771830796713465,"rate":0.14136569937713214,"depth":0.002821210377252857,"resonance":0.6750704374010846,"delay":0.031830988618379095},"softKeyboard":{}}