{"global":{"totalVoices":16,"legato":false,"envelopeStretch":true,"name":"Bell Tower","bank":"Percussion"},"controllerHelper":{"pitchBendMax":200,"modulationMax":100},"voiceAllocator":{"numberOfVoices":16,"glideTime":0,"glideType":"off"},"osc1":{"waveform":"sine","range":1,"tune":0,"fineTune":0,"modAmount":60.478878374920214,"crossModAmount":0},"osc2":{"waveform":"sine","range":-1,"tune":0,"fineTune":0,"modAmount":60.478878374920214,"crossModAmount":2301.0563211351305},"oscLevel1":{"level":0.1},"oscLevel2":{"level":0.1},"noiseLevel1":{"level":0},"amplifier":{},"loudnessEnvelope":{"attackSeconds":0.011975199923684987,"decaySeconds":1.6237096510934061,"sustainLevel":0,"releaseSeconds":2.0120319299680403,"velocityAmount":0.5,"expression":0},"filter":{"type":"lowpass","rolloff":12,"frequency":232.22809740576733,"resonance":7.466666666666667,"modAmount":2864.788975654115,"keyboardFollowAmount":1,"envelopeAmount":5000},"filterEnvelope":{"attackSeconds":0,"decaySeconds":2.12275837229438,"sustainLevel":0,"releaseSeconds":2.239548867429702,"velocityAmount":0.5,"expression":0},"lfo":{"waveform":"triangle","frequency":1.0284496428467502,"fixedAmount":0.1,"modWheelAmount":0.10795774715459473,"delay":1.241446725317693,"expression":0},"noise":{"type":"white"},"delay":{"power":true,"mix":0.7466901617924379,"time":0.0015298959994124444,"feedback":0.8819718634205488,"spread":-1},"reverb":{"power":true,"mix":0.419084457714582,"type":"huge","highPass":0},"levels":{"power":true,"bass":-0.11140846016432682,"treble":1,"master":0.1498591251978303},"phaser":{"power":true,"mix":0.4363380227632418,"rate":0.41961780271246113,"depth":0.009856438489912949,"resonance":0.9138028520389279,"delay":0.031830988618379095},"softKeyboard":{}}