{"global":{"totalVoices":5,"legato":false,"envelopeStretch":false,"name":"Wind Harp","bank":"Woodwind"},"controllerHelper":{"pitchBendMax":200,"modulationMax":1},"voiceAllocator":{"numberOfVoices":5,"glideTime":0,"glideType":"off"},"osc1":{"waveform":"triangle","range":1,"tune":0,"fineTune":0,"modAmount":2,"crossModAmount":0},"osc2":{"waveform":"sine","range":0,"tune":0,"fineTune":0,"modAmount":2,"crossModAmount":0},"oscLevel1":{"level":0.023846153846153847},"oscLevel2":{"level":0.065},"noiseLevel1":{"level":0},"amplifier":{},"loudnessEnvelope":{"attackSeconds":0.6158357771260997,"decaySeconds":10,"sustainLevel":1,"releaseSeconds":0.4983788207898245,"velocityAmount":0.55},"filter":{"type":"lowpass","rolloff":24,"frequency":50.01922686386301,"resonance":11.161972439135289,"modAmount":1502.1126422702616,"keyboardFollowAmount":1,"envelopeAmount":3753.990813045097},"filterEnvelope":{"attackSeconds":0,"decaySeconds":10,"sustainLevel":1,"releaseSeconds":8.077453233068642,"velocityAmount":0},"lfo":{"waveform":"noise","frequency":15.182317548157522,"fixedAmount":0.08461538461538462,"modWheelAmount":1,"delay":0},"noise":{"type":"brown"},"delay":{"power":true,"mix":0.36471829837188885,"time":0.002513541398580961,"feedback":0.5477464829275687,"spread":-1},"reverb":{"power":true,"mix":1,"type":"huge","highPass":0},"levels":{"power":true,"bass":-0.4615493349664965,"treble":0.9867606471697512,"master":0.1419013780432357},"phaser":{"power":false,"mix":0.4363380227632418,"rate":0.14136569937713214,"depth":0.05570423008216342,"resonance":0.3885915398356732,"delay":0.031830988618379095},"softKeyboard":{}}