{"global":{"totalVoices":1,"legato":true,"envelopeStretch":true,"name":"Autobahn","bank":"Leads"},"controllerHelper":{"pitchBendMax":200,"modulationMax":100},"voiceAllocator":{"numberOfVoices":0,"glideTime":0.35591388888237085,"glideType":"legato"},"osc1":{"waveform":"sawtooth","range":-1,"tune":0,"fineTune":0,"modAmount":0,"crossModAmount":0},"osc2":{"waveform":"sawtooth","range":0,"tune":0,"fineTune":0,"modAmount":0,"crossModAmount":218.83804675135585},"oscLevel1":{"level":0.1},"oscLevel2":{"level":0.1},"noiseLevel1":{"level":0},"amplifier":{},"loudnessEnvelope":{"attackSeconds":0.006020196911330846,"decaySeconds":0.948639754345086,"sustainLevel":0.8153846153846154,"releaseSeconds":0.19441043170436897,"velocityAmount":0.5,"expression":0},"filter":{"type":"lowpass","rolloff":24,"frequency":24.920868001306246,"resonance":6.064788975654107,"modAmount":2939.9062114018293,"keyboardFollowAmount":1,"envelopeAmount":7633.333333333333},"filterEnvelope":{"attackSeconds":0,"decaySeconds":10,"sustainLevel":1,"releaseSeconds":10,"velocityAmount":0,"expression":0},"lfo":{"waveform":"sine","frequency":0.13515899721543867,"fixedAmount":0.819647956923261,"modWheelAmount":0.08666666666666671,"delay":0,"expression":0},"noise":{"type":"white"},"delay":{"power":false,"mix":0.5,"time":0.1,"feedback":0.5,"spread":0},"reverb":{"power":true,"mix":0.5,"type":"medium","highPass":0},"levels":{"power":true,"bass":0.7957747154594768,"treble":-0.06366197723675815,"master":0.48274643495134023},"phaser":{"power":false,"mix":0.29309857398053607,"rate":0.14136569937713214,"depth":0.05570423008216342,"resonance":0.3885915398356732,"delay":0.031830988618379095},"softKeyboard":{}}