{"global":{"totalVoices":16,"legato":false,"envelopeStretch":true,"name":"Pretty Poly","bank":"Pads"},"controllerHelper":{"pitchBendMax":200,"modulationMax":100},"voiceAllocator":{"numberOfVoices":16,"glideTime":0.026707057342592662,"glideType":"off"},"osc1":{"waveform":"triangle","range":0,"tune":0,"fineTune":2,"modAmount":100,"crossModAmount":0},"osc2":{"waveform":"sawtooth","range":0,"tune":0,"fineTune":-1,"modAmount":100,"crossModAmount":0},"oscLevel1":{"level":0.041},"oscLevel2":{"level":0.053},"noiseLevel1":{"level":0},"amplifier":{},"loudnessEnvelope":{"attackSeconds":0.4141258079896092,"decaySeconds":10,"sustainLevel":0.5,"releaseSeconds":0.9640935435789657,"velocityAmount":0},"filter":{"type":"lowpass","rolloff":24,"frequency":868.1667760788299,"resonance":2.7056340325622195,"modAmount":0,"keyboardFollowAmount":1,"envelopeAmount":2410.5632113513084},"filterEnvelope":{"attackSeconds":0.10875593873004091,"decaySeconds":2.864777897157779,"sustainLevel":0.46,"releaseSeconds":0.10081826489721173,"velocityAmount":0},"lfo":{"waveform":"triangle","frequency":3.4854071443459698,"fixedAmount":0.09846153846153854,"modWheelAmount":0.05302808860322276,"delay":0.7604422527280023},"noise":{"type":"white"},"delay":{"power":false,"mix":0.3090140682897256,"time":0.1,"feedback":0.5,"spread":0},"reverb":{"power":true,"mix":0.5,"type":"large","highPass":0},"levels":{"power":true,"bass":0,"treble":0.22281692032865363,"master":0.5},"phaser":{"power":true,"mix":0.1578168723524249,"rate":0.14136569937713214,"depth":0.05570423008216342,"resonance":0.3885915398356732,"delay":0.031830988618379095},"softKeyboard":{}}