{"global":{"totalVoices":16,"legato":false,"envelopeStretch":true,"name":"Vibra-Prone","bank":"Percussion"},"controllerHelper":{"pitchBendMax":200,"modulationMax":100},"voiceAllocator":{"numberOfVoices":16,"glideTime":0,"glideType":"off"},"osc1":{"waveform":"triangle","range":2,"tune":1,"fineTune":-38.330993416001924,"modAmount":0,"crossModAmount":0},"osc2":{"waveform":"sine","range":0,"tune":0,"fineTune":0,"modAmount":0,"crossModAmount":789.0843617621252},"oscLevel1":{"level":0.06076923076923077},"oscLevel2":{"level":0.09384615384615386},"noiseLevel1":{"level":0},"amplifier":{},"loudnessEnvelope":{"attackSeconds":0,"decaySeconds":1.807528109312154,"sustainLevel":0,"releaseSeconds":1.5388950588376782,"velocityAmount":0.5},"filter":{"type":"lowpass","rolloff":12,"frequency":125.69086529608352,"resonance":5.72957795130823,"modAmount":1114.0846016432668,"keyboardFollowAmount":0.6498591251978303,"envelopeAmount":5000},"filterEnvelope":{"attackSeconds":0,"decaySeconds":2.12275837229438,"sustainLevel":0,"releaseSeconds":2.239548867429702,"velocityAmount":0.5},"lfo":{"waveform":"sine","frequency":1.989124328893062,"fixedAmount":0.3076923076923077,"modWheelAmount":0.1,"delay":0},"noise":{"type":"white"},"delay":{"power":false,"mix":0.5,"time":0.1,"feedback":0.5,"spread":0},"reverb":{"power":true,"mix":0.5,"type":"small","highPass":0},"levels":{"power":true,"bass":0,"treble":-0.2387324146378429,"master":0.4363380227632418},"phaser":{"power":false,"mix":0.4363380227632418,"rate":0.14136569937713214,"depth":0.05570423008216342,"resonance":0.3885915398356732,"delay":0.031830988618379095},"softKeyboard":{}}