{"global":{"totalVoices":6,"legato":false,"envelopeStretch":true,"name":"Timpani","bank":"Percussion"},"controllerHelper":{"pitchBendMax":200,"modulationMax":100},"voiceAllocator":{"numberOfVoices":6,"glideTime":0,"glideType":"always"},"osc1":{"waveform":"sine","range":-1,"tune":0,"fineTune":2,"modAmount":100,"crossModAmount":0},"osc2":{"waveform":"sine","range":0,"tune":0,"fineTune":-1,"modAmount":100,"crossModAmount":0},"oscLevel1":{"level":0.05153846153846155},"oscLevel2":{"level":0.04692307692307693},"noiseLevel1":{"level":0.1},"amplifier":{},"loudnessEnvelope":{"attackSeconds":0,"decaySeconds":0.4209609231497224,"sustainLevel":0,"releaseSeconds":0.06842619745845552,"velocityAmount":1,"expression":0},"filter":{"type":"lowpass","rolloff":12,"frequency":69.31760452597328,"resonance":1.5380266013401487,"modAmount":0,"keyboardFollowAmount":0.6498591251978303,"envelopeAmount":3421.8312764757493},"filterEnvelope":{"attackSeconds":0,"decaySeconds":3.82388453057683,"sustainLevel":0,"releaseSeconds":0.3773923864103,"velocityAmount":0.20690142601946396,"expression":0},"lfo":{"waveform":"noise","frequency":5.495408738576245,"fixedAmount":0,"modWheelAmount":0.8169718154443204,"delay":0,"expression":0},"noise":{"type":"pink"},"delay":{"power":false,"mix":0.054366159342693,"time":0.1,"feedback":0.5,"spread":-0.8753521870054245},"reverb":{"power":true,"mix":0.5,"type":"large","highPass":0},"levels":{"power":true,"bass":-0.2414085561167837,"treble":0.8249295625989146,"master":0.554366159342693},"phaser":{"power":true,"mix":0.23739434389837263,"rate":0.14136569937713214,"depth":0.05570423008216342,"resonance":0.3885915398356732,"delay":0.031830988618379095},"softKeyboard":{}}