{"global":{"totalVoices":8,"legato":false,"envelopeStretch":true,"name":"Steel Drum","bank":"Percussion"},"controllerHelper":{"pitchBendMax":200,"modulationMax":100},"voiceAllocator":{"numberOfVoices":8,"glideTime":0,"glideType":"off"},"osc1":{"waveform":"sawtooth","range":2,"tune":4,"fineTune":2.2535170724313858,"modAmount":100,"crossModAmount":0},"osc2":{"waveform":"triangle","range":0,"tune":0,"fineTune":-15.119719593730053,"modAmount":-100,"crossModAmount":789.0843617621252},"oscLevel1":{"level":0.02461538461538462},"oscLevel2":{"level":0.0675855882359911},"noiseLevel1":{"level":0.007161972439135262},"amplifier":{},"loudnessEnvelope":{"attackSeconds":0,"decaySeconds":0.20559287604211424,"sustainLevel":0,"releaseSeconds":0.2173877389817123,"velocityAmount":0.5,"expression":0},"filter":{"type":"lowpass","rolloff":12,"frequency":13.4836973485794,"resonance":5.72957795130823,"modAmount":0,"keyboardFollowAmount":0.6498591251978303,"envelopeAmount":8023.94391874601},"filterEnvelope":{"attackSeconds":0.03862077361898058,"decaySeconds":2.0120319299680416,"sustainLevel":0,"releaseSeconds":2.239548867429702,"velocityAmount":0.14615384615384616,"expression":0},"lfo":{"waveform":"noise","frequency":1.989124328893062,"fixedAmount":0,"modWheelAmount":0.0716197243913528,"delay":0,"expression":0},"noise":{"type":"pink"},"delay":{"power":false,"mix":0.5,"time":0.1,"feedback":0.5,"spread":0},"reverb":{"power":true,"mix":0.5,"type":"medium","highPass":0},"levels":{"power":true,"bass":0,"treble":0.5729577951308233,"master":0.6909859317102744},"phaser":{"power":true,"mix":0.4363380227632418,"rate":0.14136569937713214,"depth":0.009856438489912949,"resonance":0.3885915398356732,"delay":0.031830988618379095},"softKeyboard":{}}