{"global":{"totalVoices":1,"legato":true,"envelopeStretch":false,"name":"Strings Solo","bank":"Prototypes"},"controllerHelper":{"pitchBendMax":200,"modulationMax":100},"voiceAllocator":{"numberOfVoices":0,"glideTime":0.041818491134814985,"glideType":"legato"},"osc1":{"waveform":"sawtooth","range":1,"tune":0,"fineTune":0,"modAmount":100,"crossModAmount":0},"osc2":{"waveform":"square","range":0,"tune":0,"fineTune":-4,"modAmount":100,"crossModAmount":250},"oscLevel1":{"level":0.1},"oscLevel2":{"level":0.0956923076923077},"noiseLevel1":{"level":0.021140846016432666},"amplifier":{},"loudnessEnvelope":{"attackSeconds":0.08650200690869334,"decaySeconds":1.1764801743442226,"sustainLevel":0.4153846153846154,"releaseSeconds":0.08005461231648368,"velocityAmount":0.77,"expression":0.7639437268410976},"filter":{"type":"bandpass","rolloff":12,"frequency":193.82577256192178,"resonance":1.9098593171027458,"modAmount":0,"keyboardFollowAmount":0.43,"envelopeAmount":3100},"filterEnvelope":{"attackSeconds":0,"decaySeconds":0,"sustainLevel":1,"releaseSeconds":10,"velocityAmount":0,"expression":0},"lfo":{"waveform":"triangle","frequency":4.466835921509633,"fixedAmount":0.14384615384615376,"modWheelAmount":1,"delay":1.6412220193443845,"expression":0.8355634512324506},"noise":{"type":"brown"},"delay":{"power":false,"mix":0.1498591251978303,"time":0.2166603925045341,"feedback":0.16577461950701983,"spread":-0.41112671055998706},"reverb":{"power":true,"mix":0.8328873097535096,"type":"small","highPass":0},"levels":{"power":true,"bass":0,"treble":-1,"master":1},"phaser":{"power":false,"mix":0.10211264227026165,"rate":0.020000000000000004,"depth":0.13260556014917033,"resonance":0.3156337447048501,"delay":0.07957747154594774},"softKeyboard":{}}