{"global":{"totalVoices":8,"legato":false,"envelopeStretch":false,"name":"Pad","bank":"Prototypes"},"controllerHelper":{"pitchBendMax":200,"modulationMax":1},"voiceAllocator":{"numberOfVoices":8,"glideTime":0,"glideType":"off"},"osc1":{"waveform":"sawtooth","range":1,"tune":0,"fineTune":-3.1830988618379052,"modAmount":2,"crossModAmount":0},"osc2":{"waveform":"triangle","range":0,"tune":0,"fineTune":0,"modAmount":2,"crossModAmount":0},"oscLevel1":{"level":0.06846153846153846},"oscLevel2":{"level":0.1},"noiseLevel1":{"level":0},"amplifier":{},"loudnessEnvelope":{"attackSeconds":0.44455064902891883,"decaySeconds":2.4926686217008798,"sustainLevel":0,"releaseSeconds":0.11726332689833598,"velocityAmount":0.55,"expression":0.5888732894400127},"filter":{"type":"lowpass","rolloff":12,"frequency":1273.222541493906,"resonance":4,"modAmount":1900,"keyboardFollowAmount":0.55,"envelopeAmount":2242.0188536720916},"filterEnvelope":{"attackSeconds":0.12350817539449847,"decaySeconds":3.9909478247761396,"sustainLevel":0,"releaseSeconds":0.24295071656369827,"velocityAmount":0.97,"expression":0.5013380707394702},"lfo":{"waveform":"sine","frequency":4.786300923226385,"fixedAmount":0,"modWheelAmount":1,"delay":0,"expression":0},"noise":{"type":"white"},"delay":{"power":false,"mix":0.5,"time":0.1,"feedback":0.5,"spread":0},"reverb":{"power":true,"mix":0.26922533251675174,"type":"small","highPass":0},"levels":{"power":true,"bass":0,"treble":0.6180281365794511,"master":0.32492956259891514},"phaser":{"power":false,"mix":0.4363380227632418,"rate":0.14136569937713214,"depth":0.05570423008216342,"resonance":0.3885915398356732,"delay":0.031830988618379095},"softKeyboard":{}}