{"global":{"totalVoices":8,"legato":false,"envelopeStretch":true,"name":"Big Strings Section","bank":"Strings"},"controllerHelper":{"pitchBendMax":200,"modulationMax":100},"voiceAllocator":{"numberOfVoices":8,"glideTime":0,"glideType":"off"},"osc1":{"waveform":"sawtooth","range":-1,"tune":0,"fineTune":-4,"modAmount":100,"crossModAmount":0},"osc2":{"waveform":"sawtooth","range":1,"tune":0,"fineTune":4,"modAmount":100,"crossModAmount":0},"oscLevel1":{"level":0.059},"oscLevel2":{"level":0.063},"noiseLevel1":{"level":0.002},"amplifier":{},"loudnessEnvelope":{"attackSeconds":0.34384212393557917,"decaySeconds":10,"sustainLevel":0.8346153846153846,"releaseSeconds":0.1263813197726098,"velocityAmount":0.76,"expression":1},"filter":{"type":"lowpass","rolloff":12,"frequency":108.70356776762347,"resonance":7.061971479610721,"modAmount":1018.3098861837933,"keyboardFollowAmount":1,"envelopeAmount":2284.506650335035},"filterEnvelope":{"attackSeconds":0.06051620513748126,"decaySeconds":10,"sustainLevel":0.7246153846153847,"releaseSeconds":0.1965994777357411,"velocityAmount":0.74,"expression":1},"lfo":{"waveform":"sample-hold","frequency":13.391555840776094,"fixedAmount":0.16570423008216328,"modWheelAmount":0.10718307967134647,"delay":0.4371564917578251,"expression":1},"noise":{"type":"pink"},"delay":{"power":true,"mix":0.36471829837188885,"time":0.019417483205083335,"feedback":0.4045070341448627,"spread":-0.8276057040778558},"reverb":{"power":true,"mix":0.7055633552799934,"type":"huge","highPass":0},"levels":{"power":true,"bass":0,"treble":1,"master":0.42042252845405226},"phaser":{"power":true,"mix":0.4363380227632418,"rate":0.03368915676678323,"depth":0.05570423008216342,"resonance":0.3885915398356732,"delay":0.031830988618379095},"softKeyboard":{}}