{"global":{"totalVoices":8,"legato":false,"envelopeStretch":false,"name":"So Many Flutes!","bank":"Woodwind"},"controllerHelper":{"pitchBendMax":200,"modulationMax":100},"voiceAllocator":{"numberOfVoices":8,"glideTime":0.004606548223780932,"glideType":"legato"},"osc1":{"waveform":"triangle","range":0,"tune":0,"fineTune":0,"modAmount":38.19718634205489,"crossModAmount":0},"osc2":{"waveform":"sine","range":1,"tune":0,"fineTune":0,"modAmount":41.38028520389278,"crossModAmount":0},"oscLevel1":{"level":0.1},"oscLevel2":{"level":0.04523076923076922},"noiseLevel1":{"level":0.029971825039566077},"amplifier":{},"loudnessEnvelope":{"attackSeconds":0.06842619745845552,"decaySeconds":0,"sustainLevel":1,"releaseSeconds":0.0321319046935012,"velocityAmount":0.25384615384615383},"filter":{"type":"bandpass","rolloff":24,"frequency":109.67422039008643,"resonance":0.9549296585513729,"modAmount":1075.3521870054233,"keyboardFollowAmount":1,"envelopeAmount":3183.098861837908},"filterEnvelope":{"attackSeconds":0.027295308478559984,"decaySeconds":0.09790885248831042,"sustainLevel":0.6153846153846154,"releaseSeconds":0.20444761078655926,"velocityAmount":0.2076923076923077},"lfo":{"waveform":"triangle","frequency":4.473359409141246,"fixedAmount":0.18461538461538463,"modWheelAmount":0.0876056081253987,"delay":0.7123798373900441},"noise":{"type":"white"},"delay":{"power":true,"mix":0.26922533251675174,"time":0.0407998814348302,"feedback":0.29309857398053624,"spread":-1},"reverb":{"power":true,"mix":0.47478868779674527,"type":"huge","highPass":0},"levels":{"power":true,"bass":0.3978873577297384,"treble":1,"master":1},"phaser":{"power":true,"mix":0.10211264227026147,"rate":0.020000000000000004,"depth":0.13260556014917033,"resonance":0.14852105445835986,"delay":0},"softKeyboard":{}}